Date,Close,Volume
2018-01-01,2700.0,2310073
2018-01-02,2693.31,1113558
2018-01-03,2656.24,1298629
2018-01-04,2639.16,2454692
2018-01-05,2691.42,1345805
2018-01-08,2722.79,2180723
2018-01-09,2728.09,2135772
2018-01-10,2680.29,2263246
2018-01-11,2653.88,827201
2018-01-12,2656.44,1620943
2018-01-15,2658.05,1761369
2018-01-16,2656.22,2223242
2018-01-17,2654.94,1181594
2018-01-18,2644.47,1321515
2018-01-19,2573.63,1105831
2018-01-22,2548.88,2095311
2018-01-23,2593.58,2498083
2018-01-24,2527.62,1038765
2018-01-25,2523.37,1196296
2018-01-26,2503.18,1321988
2018-01-29,2506.56,2311351
2018-01-30,2497.32,1557745
2018-01-31,2535.37,1279289
2018-02-01,2560.01,1347943
2018-02-02,2424.77,1816802
2018-02-05,2490.94,1457929
2018-02-06,2472.13,1038696
2018-02-07,2458.35,2194178
2018-02-08,2463.37,1517796
2018-02-09,2457.16,1236349
2018-02-12,2470.27,2038337
2018-02-13,2460.09,2066977
2018-02-14,2445.35,1063562
2018-02-15,2429.78,925310
2018-02-16,2416.51,877203
2018-02-19,2443.99,2101756
2018-02-20,2460.09,1863760
2018-02-21,2503.42,2146439
2018-02-22,2561.88,1864891
2018-02-23,2535.98,1482887
2018-02-26,2538.35,1802247
2018-02-27,2509.01,2028212
2018-02-28,2489.99,1478036
2018-03-01,2474.78,2355735
2018-03-02,2449.11,2329330
2018-03-05,2423.83,2161212
2018-03-06,2420.86,2486853
2018-03-07,2391.9,1463759
2018-03-08,2412.83,993980
2018-03-09,2391.16,1623162
2018-03-12,2460.4,2068012
2018-03-13,2449.79,2124907
2018-03-14,2451.43,1460483
2018-03-15,2434.13,1297410
2018-03-16,2458.43,1557303
2018-03-19,2474.73,2166600
2018-03-20,2479.55,903013
2018-03-21,2461.33,1357720
2018-03-22,2464.92,1190796
2018-03-23,2449.94,2170183
2018-03-26,2470.98,1598418
2018-03-27,2482.99,947560
2018-03-28,2484.99,1245037
2018-03-29,2451.54,875475
2018-03-30,2438.55,1608445
2018-04-02,2448.71,2496048
2018-04-03,2466.26,1764293
2018-04-04,2482.46,2278077
2018-04-05,2460.8,2062407
2018-04-06,2465.66,2300840
2018-04-09,2480.54,1328726
2018-04-10,2457.97,2417175
2018-04-11,2458.51,1205692
2018-04-12,2462.97,1545137
2018-04-13,2459.42,1958165
2018-04-16,2434.37,1287620
2018-04-17,2430.51,1249576
2018-04-18,2426.64,1021042
2018-04-19,2425.24,807143
2018-04-20,2418.13,1652055
2018-04-23,2412.7,2477488
2018-04-24,2412.79,1174082
2018-04-25,2419.48,1548271
2018-04-26,2415.94,2390436
2018-04-27,2410.97,2112929
2018-04-30,2412.86,806805
2018-05-01,2387.35,1651013
2018-05-02,2394.44,1043434
2018-05-03,2395.06,1219932
2018-05-04,2396.23,1219008
2018-05-07,2409.95,1841211
2018-05-08,2384.04,1138226
2018-05-09,2358.12,1228172
2018-05-10,2362.41,1183823
2018-05-11,2362.93,1406705
2018-05-14,2365.83,1915280
2018-05-15,2360.26,1479943
2018-05-16,2369.78,1356770
2018-05-17,2382.97,1679924
2018-05-18,2390.14,1845541
2018-05-21,2384.41,826110
2018-05-22,2334.82,2313438
2018-05-23,2353.53,2357932
2018-05-24,2383.23,1824346
2018-05-25,2412.67,1776824
2018-05-28,2373.13,1980705
2018-05-29,2403.78,1549470
2018-05-30,2443.44,1421355
2018-05-31,2516.74,1399574
2018-06-01,2495.18,1071555
2018-06-04,2490.06,2229986
2018-06-05,2509.45,1344992
2018-06-06,2511.47,1283481
2018-06-07,2483.91,2439280
2018-06-08,2494.88,1661401
2018-06-11,2510.04,1857079
2018-06-12,2512.84,1217257
2018-06-13,2518.98,1271768
2018-06-14,2512.99,2038176
2018-06-15,2551.29,1566555
2018-06-18,2528.81,1051166
2018-06-19,2514.46,2220372
2018-06-20,2515.3,1484694
2018-06-21,2538.26,1936354
2018-06-22,2500.81,1380166
2018-06-25,2482.95,1753109
2018-06-26,2455.07,2118571
2018-06-27,2456.17,2304776
2018-06-28,2441.29,1152485
2018-06-29,2436.61,1943147
2018-07-02,2446.4,2354886
2018-07-03,2438.16,1892640
2018-07-04,2442.0,1043252
2018-07-05,2438.49,1122605
2018-07-06,2448.44,1144763
2018-07-09,2455.69,980860
2018-07-10,2446.72,2081345
2018-07-11,2443.11,2440741
2018-07-12,2469.51,1678695
2018-07-13,2479.89,1818059
2018-07-16,2445.77,2115290
2018-07-17,2462.54,1506661
2018-07-18,2436.32,1603178
2018-07-19,2502.48,1801335
2018-07-20,2551.64,1317892
2018-07-23,2565.91,905080
2018-07-24,2573.8,1765214
2018-07-25,2563.91,2197616
2018-07-26,2597.25,924487
2018-07-27,2579.37,1168297
2018-07-30,2583.5,1247086
2018-07-31,2596.98,2167728
2018-08-01,2589.4,1657818
2018-08-02,2581.04,1708443
2018-08-03,2564.3,1896947
2018-08-06,2549.54,1270172
2018-08-07,2523.9,2013027
2018-08-08,2535.03,851356
2018-08-09,2561.83,993322
2018-08-10,2583.3,2186916
2018-08-13,2560.26,1918949
2018-08-14,2571.48,1099982
2018-08-15,2592.97,1545883
2018-08-16,2586.94,888068
2018-08-17,2589.11,1942143
2018-08-20,2560.47,2084992
2018-08-21,2565.02,1273279
2018-08-22,2550.26,1395073
2018-08-23,2553.82,1202590
2018-08-24,2531.98,1461867
2018-08-27,2546.45,1262933
2018-08-28,2573.46,1220014
2018-08-29,2553.81,1531350
2018-08-30,2525.28,2260603
2018-08-31,2424.7,2096647
2018-09-03,2412.76,1305460
2018-09-04,2405.45,2402838
2018-09-05,2385.01,1157327
2018-09-06,2405.76,2348259
2018-09-07,2360.52,1325724
2018-09-10,2257.53,1718448
2018-09-11,2205.61,1145354
2018-09-12,2303.22,2095442
2018-09-13,2329.85,1340013
2018-09-14,2324.36,2283370
2018-09-17,2351.95,940991
2018-09-18,2301.14,1653402
2018-09-19,2302.78,1069501
2018-09-20,2306.72,2311226
2018-09-21,2296.35,1508989
2018-09-24,2306.97,1946605
2018-09-25,2273.42,2295093
2018-09-26,2295.66,1710582
2018-09-27,2308.99,897394
2018-09-28,2242.59,1175227
2018-10-01,2270.18,1161547
2018-10-02,2202.0,2354111
2018-10-03,2188.87,2344187
2018-10-04,2212.11,1610831
2018-10-05,2205.55,2313024
2018-10-08,2173.69,1218226
2018-10-09,2150.34,1955066
2018-10-10,2192.7,1466288
2018-10-11,2114.71,1208805
2018-10-12,2139.4,1225018
2018-10-15,2139.29,1513677
2018-10-16,2125.44,1377418
2018-10-17,2118.97,1159075
2018-10-18,2107.34,1368047
2018-10-19,2118.27,1018600
2018-10-22,2127.64,2448439
2018-10-23,2107.56,1445997
2018-10-24,2103.29,982549
2018-10-25,2093.57,1778896
2018-10-26,2109.53,2301304
2018-10-29,2093.99,1411885
2018-10-30,2113.68,2236911
2018-10-31,2113.83,1838401
2018-11-01,2100.5,2056726
2018-11-02,2093.0,1303633
2018-11-05,2084.06,862788
2018-11-06,2069.59,1387945
2018-11-07,2071.25,2371577
2018-11-08,2057.42,2144145
2018-11-09,2013.15,2133074
2018-11-12,2005.92,2293135
2018-11-13,1938.92,1434552
2018-11-14,1931.17,1347457
2018-11-15,1921.75,2372830
2018-11-16,1912.78,1771576
2018-11-19,1935.11,1306530
2018-11-20,1936.23,1272875
2018-11-21,1939.44,2291374
2018-11-22,1905.45,890668
2018-11-23,1893.37,904878
2018-11-26,1901.27,2054357
2018-11-27,1865.0,802295
2018-11-28,1897.47,1090705
2018-11-29,1855.01,2484075
2018-11-30,1852.49,1523711
2018-12-03,1846.83,2037027
2018-12-04,1849.03,1627977
2018-12-05,1842.81,953971
2018-12-06,1840.47,1113601
2018-12-07,1838.48,2093868
2018-12-10,1831.33,960744
2018-12-11,1836.85,1810848
2018-12-12,1839.82,1391622
2018-12-13,1839.37,1429505
2018-12-14,1835.37,2418886
2018-12-17,1844.16,1830090
2018-12-18,1842.18,1845730
2018-12-19,1839.46,1395606
2018-12-20,1841.03,1448397
2018-12-21,1859.31,1965810
2018-12-24,1845.72,866148
2018-12-25,1854.28,1203413
2018-12-26,1834.96,1820464
2018-12-27,1837.7,1860011
2018-12-28,1854.67,956837
2018-12-31,1860.31,2139304
2019-01-01,1862.59,1722324
2019-01-02,1857.17,1204113
2019-01-03,1857.98,2078315
2019-01-04,1855.82,2484491
2019-01-07,1848.05,1520095
2019-01-08,1845.5,1281858
2019-01-09,1848.06,1308999
2019-01-10,1840.52,1807426
2019-01-11,1832.6,880553
2019-01-14,1819.0,1621829
2019-01-15,1823.51,842122
2019-01-16,1829.64,865586
2019-01-17,1832.52,1531045
2019-01-18,1843.06,2067373
2019-01-21,1844.46,2301686
2019-01-22,1849.05,948979
2019-01-23,1852.72,1214906
2019-01-24,1852.24,1516824
2019-01-25,1847.16,1775894
2019-01-28,1870.98,2477985
2019-01-29,1866.69,1963319
2019-01-30,1860.14,1715213
2019-01-31,1865.21,903410
2019-02-01,1868.36,937384
2019-02-04,1854.03,1060270
2019-02-05,1866.35,1923341
2019-02-06,1865.85,1363170
2019-02-07,1854.62,1209603
2019-02-08,1867.65,1939158
2019-02-11,1874.77,2186122
2019-02-12,1861.87,1546359
2019-02-13,1881.22,2299149
2019-02-14,1888.75,2048131
2019-02-15,1889.13,2017653
2019-02-18,1906.74,2274916
2019-02-19,1908.96,1112473
2019-02-20,1908.86,2089232
2019-02-21,1896.63,2428152
2019-02-22,1908.21,2486820
2019-02-25,1917.84,1782674
2019-02-26,1918.56,2082413
2019-02-27,1903.77,2310631
2019-02-28,1906.7,2248704
2019-03-01,1905.79,2326246
2019-03-04,1880.78,2215022
2019-03-05,1853.5,1448227
2019-03-06,1864.51,2041451
2019-03-07,1816.67,1497744
2019-03-08,1820.84,2163063
2019-03-11,1812.5,2177413
2019-03-12,1836.98,2388961
2019-03-13,1828.28,1800142
2019-03-14,1840.89,1607852
2019-03-15,1833.96,1081426
2019-03-18,1836.48,1885087
2019-03-19,1850.59,1762888
2019-03-20,1842.4,1675397
2019-03-21,1861.42,1949751
2019-03-22,1843.29,2246762
2019-03-25,1853.76,1052742
2019-03-26,1924.05,1533311
2019-03-27,1948.4,2027917
2019-03-28,2020.46,2193535
2019-03-29,1991.71,2123260
2019-04-01,1940.67,2158902
2019-04-02,1904.73,2253563
2019-04-03,1928.84,2435206
2019-04-04,1947.27,1833711
2019-04-05,1951.23,1223165
2019-04-08,1910.45,1758021
2019-04-09,1938.53,2006353
2019-04-10,1894.37,971194
2019-04-11,1936.51,2086763
2019-04-12,2044.16,1725158
2019-04-15,2052.19,2391673
2019-04-16,2064.75,1160104
2019-04-17,2054.99,2341734
2019-04-18,2018.29,1561607
2019-04-19,2006.52,1774993
2019-04-22,1965.7,1922004
2019-04-23,1937.68,1784560
2019-04-24,2001.99,2336513
2019-04-25,2012.54,1084395
2019-04-26,2027.23,2040791
2019-04-29,2015.62,2457436
2019-04-30,2009.25,1174201
2019-05-01,2089.02,1233529
2019-05-02,2087.95,1607519
2019-05-03,2109.21,2032051
2019-05-06,2105.52,2430266
2019-05-07,2098.75,2152851
2019-05-08,2069.67,2149831
2019-05-09,2029.28,1550066
2019-05-10,2024.4,1897153
2019-05-13,2026.01,1159029
2019-05-14,2000.37,1587354
2019-05-15,2000.13,1121232
2019-05-16,2001.67,846109
2019-05-17,1959.09,2256043
2019-05-20,1941.54,2168039
2019-05-21,1956.73,1668286
2019-05-22,1964.83,824641
2019-05-23,1942.55,953232
2019-05-24,1946.1,990008
2019-05-27,1966.71,2018933
2019-05-28,1982.62,1145935
2019-05-29,1981.17,1225290
2019-05-30,1972.29,2263866
2019-05-31,1960.26,2289871
2019-06-03,1969.98,2097190
2019-06-04,1974.3,1326272
2019-06-05,1987.32,1785894
2019-06-06,1990.41,1140460
2019-06-07,2007.36,2258438
2019-06-10,2009.73,944259
2019-06-11,2026.15,2065486
2019-06-12,2059.98,1669602
2019-06-13,2029.09,2087702
2019-06-14,1961.12,1566253
2019-06-17,2019.37,1068807
2019-06-18,2029.39,2077230
2019-06-19,1890.75,1872835
2019-06-20,1835.26,1589824
2019-06-21,1862.41,1433634
2019-06-24,1852.78,1384487
2019-06-25,1813.32,1617928
2019-06-26,1919.29,1244813
2019-06-27,1837.7,1280015
2019-06-28,1823.39,1272849
2019-07-01,1827.69,821555
2019-07-02,1835.32,2377341
2019-07-03,1844.94,1202137
2019-07-04,1862.39,1080633
2019-07-05,1866.54,1056991
2019-07-08,1872.22,2479899
2019-07-09,1869.96,1610463
2019-07-10,1871.11,1355763
2019-07-11,1872.74,1486617
2019-07-12,1875.52,950263
2019-07-15,1884.24,1333233
2019-07-16,1890.68,1222773
2019-07-17,1891.65,2165471
2019-07-18,1883.48,899304
2019-07-19,1884.7,1523261
2019-07-22,1883.89,2143050
2019-07-23,1890.97,2217114
2019-07-24,1971.68,1671339
2019-07-25,1952.45,1178295
2019-07-26,1961.23,1372877
2019-07-29,2047.79,1177894
2019-07-30,2054.87,1925484
2019-07-31,2260.03,1297489
2019-08-01,2255.78,1872099
2019-08-02,2260.52,1914679
2019-08-05,2250.89,2397782
2019-08-06,2247.0,1429596
2019-08-07,2250.76,2434142
2019-08-08,2262.18,1481218
2019-08-09,2266.87,1957162
2019-08-12,2283.71,1924753
2019-08-13,2283.07,2190287
2019-08-14,2279.37,1597488
2019-08-15,2315.19,2147122
2019-08-16,2320.98,1404072
2019-08-19,2312.14,1635216
2019-08-20,2303.66,1649446
2019-08-21,2291.98,1997579
2019-08-22,2304.78,1851189
2019-08-23,2300.63,933040
2019-08-26,2302.89,2175410
2019-08-27,2302.67,2088635
2019-08-28,2312.84,977738
2019-08-29,2302.37,2435116
2019-08-30,2288.97,1923224
2019-09-02,2292.48,944457
2019-09-03,2300.91,1635373
2019-09-04,2305.85,2221396
2019-09-05,2295.9,1275708
2019-09-06,2305.34,2386066
2019-09-09,2296.24,1511288
2019-09-10,2290.05,1184521
2019-09-11,2278.43,1405966
2019-09-12,2295.9,1692179
2019-09-13,2304.76,1969821
2019-09-16,2313.29,2377358
2019-09-17,2330.31,1131322
2019-09-18,2457.77,2432384
2019-09-19,2379.89,1697091
2019-09-20,2362.78,1017400
2019-09-23,2348.68,2374995
2019-09-24,2337.99,1393307
2019-09-25,2324.36,1854994
2019-09-26,2321.02,1986845
2019-09-27,2305.67,822791
2019-09-30,2310.66,1176649
2019-10-01,2311.94,1966975
2019-10-02,2333.29,1352110
2019-10-03,2356.02,815863
2019-10-04,2383.25,839594
2019-10-07,2366.73,2204958
2019-10-08,2463.77,1060986
2019-10-09,2470.16,970721
2019-10-10,2384.97,1755960
2019-10-11,2340.45,1002192
2019-10-14,2264.94,1910253
2019-10-15,2265.91,1724962
2019-10-16,2260.92,1903150
2019-10-17,2216.73,1635727
2019-10-18,2262.63,2123212
2019-10-21,2275.7,1896082
2019-10-22,2292.93,1505978
2019-10-23,2272.03,826144
2019-10-24,2249.78,1264934
2019-10-25,2251.12,1023432
2019-10-28,2255.56,826487
2019-10-29,2214.26,1264389
2019-10-30,2210.74,1151270
2019-10-31,2211.56,930458
2019-11-01,2207.27,1331059
2019-11-04,2189.74,1661160
2019-11-05,2178.36,1102951
2019-11-06,2174.97,1264288
2019-11-07,2177.46,834245
2019-11-08,2191.27,885687
2019-11-11,2205.32,1067660
2019-11-12,2202.22,1569970
2019-11-13,2197.1,1932369
2019-11-14,2203.14,2140176
2019-11-15,2211.36,1870295
2019-11-18,2206.5,1848644
2019-11-19,2216.99,2390662
2019-11-20,2229.92,1234590
2019-11-21,2246.9,2156886
2019-11-22,2270.26,2392681
2019-11-25,2259.73,1765185
2019-11-26,2260.5,2228942
2019-11-27,2261.23,1033845
2019-11-28,2260.57,2293931
2019-11-29,2252.85,1758922
2019-12-02,2234.54,1176608
2019-12-03,2236.3,904711
2019-12-04,2227.16,2023877
2019-12-05,2228.83,1532504
2019-12-06,2219.4,1327005
2019-12-09,2206.19,1463439
2019-12-10,2209.7,2484722
2019-12-11,2212.17,1527283
2019-12-12,2220.02,933919
2019-12-13,2248.3,1275704
2019-12-16,2252.42,1047118
2019-12-17,2259.22,1965911
2019-12-18,2246.05,2160678
2019-12-19,2230.3,2229605
2019-12-20,2250.99,1875900
2019-12-23,2239.83,2106478
2019-12-24,2227.19,1509393
2019-12-25,2227.28,1867178
2019-12-26,2226.72,981857
2019-12-27,2215.94,1715186
2019-12-30,2212.69,1747694
2019-12-31,2228.75,852843
2020-01-01,2219.17,1732124
2020-01-02,2202.28,2028987
2020-01-03,2214.66,1424904
2020-01-06,2221.43,1726470
2020-01-07,2214.21,1286325
2020-01-08,2179.67,1260259
2020-01-09,2113.04,1020139
2020-01-10,2107.13,1357331
2020-01-13,2154.27,2165430
2020-01-14,2112.69,2390531
2020-01-15,2109.53,1880564
2020-01-16,2136.83,1861415
2020-01-17,2043.0,1843495
2020-01-20,2055.55,1609051
2020-01-21,2042.35,1519160
2020-01-22,2046.73,1855566
2020-01-23,2050.14,2133481
2020-01-24,2063.32,1503361
2020-01-27,2070.32,1762016
2020-01-28,1979.56,1599309
2020-01-29,1950.61,1285372
2020-01-30,1955.91,1293525
2020-01-31,1939.27,933910
2020-02-03,1949.07,1547750
2020-02-04,1965.08,2011175
2020-02-05,1977.62,1965506
2020-02-06,1973.8,2475634
2020-02-07,1937.85,867901
2020-02-10,1929.41,2093117
2020-02-11,1937.96,2151546
2020-02-12,1917.22,1541938
2020-02-13,1929.89,1281065
2020-02-14,1948.08,1407073
2020-02-17,1950.0,1960351
2020-02-18,1916.92,2265683
2020-02-19,1903.58,1892633
2020-02-20,1924.55,1674118
2020-02-21,1919.09,1909467
2020-02-24,1898.12,920013
2020-02-25,1911.96,1833819
2020-02-26,1912.61,871638
2020-02-27,1925.13,2430473
2020-02-28,1928.66,2311652
2020-03-02,1934.19,1664185
2020-03-03,1938.68,1435937
2020-03-04,1946.87,2044942
2020-03-05,1972.69,1883890
2020-03-06,1984.1,1999263
2020-03-09,1966.91,1676489
2020-03-10,1972.42,1201654
2020-03-11,1985.74,924527
2020-03-12,1999.85,1281619
2020-03-13,1995.54,1699298
2020-03-16,2009.29,1520829
2020-03-17,2020.42,1660822
2020-03-18,2050.64,1272086
2020-03-19,2042.47,2394378
2020-03-20,2037.14,1423463
2020-03-23,2034.14,2238465
2020-03-24,2029.02,1464633
2020-03-25,2019.34,1554096
2020-03-26,1988.48,1826569
2020-03-27,1984.1,1247325
2020-03-30,1988.78,1173813
2020-03-31,1983.75,1444624
2020-04-01,2006.16,2167296
2020-04-02,2006.84,1045820
2020-04-03,2022.11,1543811
2020-04-06,2025.64,1942598
2020-04-07,2035.68,2000614
2020-04-08,2039.44,1538491
2020-04-09,2055.87,938452
2020-04-10,2057.06,827040
2020-04-13,2063.39,1598941
2020-04-14,2068.22,2177076
2020-04-15,2065.39,847973
2020-04-16,2070.68,2308713
2020-04-17,2160.2,1949046
2020-04-20,2149.4,813694
2020-04-21,2166.72,1384307
2020-04-22,2219.06,1174852
2020-04-23,2323.82,2413729
2020-04-24,2323.63,1743129
2020-04-27,2106.4,1351011
2020-04-28,2150.24,1272682
2020-04-29,1962.34,1758470
2020-04-30,1992.08,808660
2020-05-01,1995.94,1237558
2020-05-04,2016.61,1081196
2020-05-05,1998.81,1854191
2020-05-06,1968.23,1937680
2020-05-07,1978.14,1593971
2020-05-08,1974.32,1038049
2020-05-11,1956.26,1430068
2020-05-12,1959.58,2232930
2020-05-13,2065.0,1146271
2020-05-14,2098.03,1077724
2020-05-15,2120.83,989586
2020-05-18,2131.56,2188415
2020-05-19,2150.07,1003794
2020-05-20,2148.32,1788751
2020-05-21,2066.7,2498368
2020-05-22,2059.55,1891080
2020-05-25,2127.96,1500928
2020-05-26,2089.53,1151605
2020-05-27,2082.78,803280
2020-05-28,2068.78,1064457
2020-05-29,2100.81,2419978
2020-06-01,2117.22,1044126
2020-06-02,2143.67,833965
2020-06-03,2169.21,2187322
2020-06-04,2169.32,1511596
2020-06-05,2172.32,1406893
2020-06-08,2158.34,2019711
2020-06-09,2132.31,1689148
2020-06-10,2134.68,2354818
2020-06-11,2139.16,1594918
2020-06-12,2154.44,2011906
2020-06-15,2174.29,2294066
2020-06-16,2194.31,1588163
2020-06-17,2182.5,1283278
2020-06-18,2178.71,2456551
2020-06-19,2185.23,1185549
2020-06-22,2217.4,866842
2020-06-23,2236.67,1782859
2020-06-24,2251.5,2477716
2020-06-25,2247.14,946945
2020-06-26,2236.5,2243965
2020-06-29,2247.12,2211735
2020-06-30,2233.72,2379181
2020-07-01,2231.29,1516656
2020-07-02,2230.42,1233113
2020-07-03,2251.24,1670642
2020-07-06,2247.31,1042178
2020-07-07,2217.03,2232845
2020-07-08,2223.96,1927635
2020-07-09,2215.74,1621653
2020-07-10,2216.86,1676961
2020-07-13,2216.35,2010607
2020-07-14,2213.49,1689385
2020-07-15,2224.01,2227671
2020-07-16,2205.35,2371852
2020-07-17,2199.47,2414643
2020-07-20,2208.59,1854137
2020-07-21,2201.49,2062336
2020-07-22,2182.07,1328808
2020-07-23,2210.04,864798
2020-07-24,2257.67,1480113
2020-07-27,2255.97,2281908
2020-07-28,2212.33,1026942
2020-07-29,2228.63,1727711
2020-07-30,2081.03,1126933
2020-07-31,2106.32,1529762
2020-08-03,2030.02,1043695
2020-08-04,1986.21,2049066
2020-08-05,1949.5,2177495
2020-08-06,1942.95,2089201
2020-08-07,1930.81,1998284
2020-08-10,1942.74,1199759
2020-08-11,1934.47,1701586
2020-08-12,1954.12,978135
2020-08-13,1957.75,1436425
2020-08-14,1950.53,1659885
2020-08-17,1941.49,1936440
2020-08-18,1923.94,964564
2020-08-19,1927.62,2181939
2020-08-20,1921.18,1580138
2020-08-21,1876.21,2298096
2020-08-24,1866.53,1696708
2020-08-25,1850.08,1729927
2020-08-26,1880.12,1977405
2020-08-27,1848.55,2193804
2020-08-28,1822.3,1067962
2020-08-31,1843.22,1669220
2020-09-01,1869.02,850922
2020-09-02,1855.46,1606701
2020-09-03,1844.1,2182974
2020-09-04,1856.01,2271234
2020-09-07,1813.4,1281984
2020-09-08,1780.1,1456835
2020-09-09,1775.47,1737654
2020-09-10,1803.84,1473051
2020-09-11,1796.34,1102734
2020-09-14,1798.57,1318349
2020-09-15,1819.66,1486896
2020-09-16,1859.14,1681792
2020-09-17,1848.78,2365244
2020-09-18,1848.88,1726245
2020-09-21,1883.58,1458098
2020-09-22,1768.77,1922783
2020-09-23,1843.75,2114194
2020-09-24,1767.46,1531853
2020-09-25,1773.9,1631751
2020-09-28,1755.38,1170323
2020-09-29,1738.9,2270139
2020-09-30,1722.15,2273631
2020-10-01,1727.35,1097347
2020-10-02,1745.16,1388201
2020-10-05,1741.06,1262311
2020-10-06,1743.54,2369003
2020-10-07,1762.64,910881
2020-10-08,1753.41,1152500
2020-10-09,1766.94,1335342
2020-10-12,1781.99,1752097
2020-10-13,1808.97,1223264
2020-10-14,1805.59,1712245
2020-10-15,1801.37,2070284
2020-10-16,1809.72,2208701
2020-10-19,1818.62,968405
2020-10-20,1813.58,1036047
2020-10-21,1809.92,961829
2020-10-22,1815.95,2346893
2020-10-23,1807.93,1908568
2020-10-26,1804.19,1703427
2020-10-27,1805.58,2144551
2020-10-28,1816.28,1796385
2020-10-29,1810.54,1200271
2020-10-30,1792.2,1667282
2020-11-02,1773.29,1995459
2020-11-03,1761.14,861242
2020-11-04,1748.53,1830770
2020-11-05,1747.46,1645054
2020-11-06,1736.17,918160
2020-11-09,1729.72,1248034
2020-11-10,1722.6,1562509
2020-11-11,1718.75,1382569
2020-11-12,1732.14,1293112
2020-11-13,1739.11,1903472
2020-11-16,1739.72,1487416
2020-11-17,1735.63,1646085
2020-11-18,1731.83,2157136
2020-11-19,1735.5,958470
2020-11-20,1741.72,1411838
2020-11-23,1733.23,924170
2020-11-24,1734.04,2376458
2020-11-25,1714.63,1115618
2020-11-26,1718.69,2193774
2020-11-27,1726.58,1124504
2020-11-30,1724.29,1350896
2020-12-01,1742.6,1834111
2020-12-02,1734.37,2213336
2020-12-03,1736.96,1102284
2020-12-04,1737.06,1162306
2020-12-07,1736.53,2298923
2020-12-08,1735.86,1347340
2020-12-09,1737.37,1156593
2020-12-10,1746.2,2063988
2020-12-11,1760.35,954923
2020-12-14,1760.79,2273839
2020-12-15,1769.41,2288768
2020-12-16,1762.85,2256085
2020-12-17,1770.98,1302056
2020-12-18,1763.81,994156
2020-12-21,1775.21,1523218
2020-12-22,1798.07,1368781
2020-12-23,1797.3,2430344
2020-12-24,1775.56,1873882
2020-12-25,1770.52,2405427
2020-12-28,1783.39,2076488
2020-12-29,1789.46,2015358
2020-12-30,1792.46,990137
2020-12-31,1803.21,917196
2021-01-01,1808.64,879034
2021-01-04,1850.93,1808678
2021-01-05,1883.56,1142906
2021-01-06,1938.7,2481432
2021-01-07,1952.09,1025525
2021-01-08,1985.97,2409757
2021-01-11,1974.67,1934987
2021-01-12,1952.54,980204
2021-01-13,2016.75,899370
2021-01-14,2025.21,1473144
2021-01-15,2042.17,1376226
2021-01-18,2044.14,1336412
2021-01-19,2037.88,1698554
2021-01-20,2038.54,1020537
2021-01-21,2055.75,1020077
2021-01-22,2062.77,1981157
2021-01-25,2043.38,2483525
2021-01-26,2041.43,1265542
2021-01-27,2062.7,2384279
2021-01-28,2060.74,1386271
2021-01-29,2040.34,1371007
2021-02-01,2062.9,953610
2021-02-02,2071.44,1519655
2021-02-03,2071.16,1646544
2021-02-04,2067.34,1928409
2021-02-05,2080.61,1068885
2021-02-08,2059.61,1120778
2021-02-09,2073.61,1534553
2021-02-10,2080.54,918402
2021-02-11,2090.39,1043681
2021-02-12,2096.35,1869427
2021-02-15,2093.13,2421544
2021-02-16,2115.79,1774035
2021-02-17,2097.89,1046470
2021-02-18,2064.34,2484684
2021-02-19,2077.64,1687208
2021-02-22,2091.37,2018635
2021-02-23,2102.0,1134865
2021-02-24,2111.13,1783341
2021-02-25,2104.8,929815
2021-02-26,2122.06,1863759
2021-03-01,2121.56,1143924
2021-03-02,2116.27,2346175
2021-03-03,2113.08,893115
2021-03-04,2137.99,1909470
2021-03-05,2117.61,1036975
2021-03-08,2124.18,1968106
2021-03-09,2104.6,1638923
2021-03-10,2103.86,2444717
2021-03-11,2099.25,1908086
2021-03-12,2075.12,1432396
2021-03-15,2080.25,948477
2021-03-16,2076.31,1812787
2021-03-17,2052.29,1549731
2021-03-18,2085.31,889269
2021-03-19,2142.85,1788119
2021-03-22,2204.27,1156991
2021-03-23,2209.34,1198183
2021-03-24,2210.5,815230
2021-03-25,2227.79,1432533
2021-03-26,2249.73,1171058
2021-03-29,2264.83,922119
2021-03-30,2253.36,1538301
2021-03-31,2256.52,1174222
2021-04-01,2262.74,1028069
2021-04-02,2240.23,1593479
2021-04-05,2251.37,907507
2021-04-06,2304.06,2483751
2021-04-07,2319.5,1600631
2021-04-08,2354.74,2493650
2021-04-09,2359.62,2298307
2021-04-12,2358.41,2465356
2021-04-13,2368.03,1722640
2021-04-14,2349.17,1519246
2021-04-15,2326.99,2023814
2021-04-16,2357.42,937156
2021-04-19,2390.79,2228333
2021-04-20,2367.57,1350074
2021-04-21,2391.32,812606
2021-04-22,2389.77,1204114
2021-04-23,2398.51,1211943
2021-04-26,2410.21,824015
2021-04-27,2435.04,1936588
2021-04-28,2437.62,961897
2021-04-29,2473.08,2239382
2021-04-30,2481.37,1570426
2021-05-03,2497.59,2021007
2021-05-04,2477.27,1377426
2021-05-05,2508.43,1024387
2021-05-06,2520.91,1106601
2021-05-07,2539.66,1897993
2021-05-10,2499.4,2017369
2021-05-11,2479.32,1254799
2021-05-12,2511.02,1407096
2021-05-13,2518.86,2406591
2021-05-14,2471.3,2248175
2021-05-17,2497.87,1502167
2021-05-18,2484.78,1209661
2021-05-19,2520.95,1312301
2021-05-20,2517.02,1715268
2021-05-21,2527.02,1763527
2021-05-24,2584.21,1113036
2021-05-25,2541.0,911916
2021-05-26,2494.02,1642011
2021-05-27,2489.65,2155680
2021-05-28,2511.06,1059193
2021-05-31,2478.17,1494204
2021-06-01,2437.4,1074683
2021-06-02,2475.89,1211629
2021-06-03,2448.08,1840779
2021-06-04,2438.97,1286531
2021-06-07,2394.3,1248436
2021-06-08,2378.51,2492630
2021-06-09,2378.87,1093024
2021-06-10,2401.82,1121788
2021-06-11,2383.77,2380606
2021-06-14,2424.47,1735352
2021-06-15,2408.35,873105
2021-06-16,2392.37,1522428
2021-06-17,2413.94,1760751
2021-06-18,2417.47,1230425
2021-06-21,2404.6,1732048
2021-06-22,2401.39,1902473
2021-06-23,2434.92,1226035
2021-06-24,2471.73,2181080
2021-06-25,2452.02,1569711
2021-06-28,2451.53,2437884
2021-06-29,2454.31,949154
2021-06-30,2430.59,1351202
2021-07-01,2429.78,2026159
2021-07-02,2430.26,2321356
2021-07-05,2544.99,1176885
2021-07-06,2672.47,2466425
2021-07-07,2668.19,1128755
2021-07-08,2665.65,1507407
2021-07-09,2676.41,1335293
2021-07-12,2668.24,1521348
2021-07-13,2677.86,2334028
2021-07-14,2677.23,2045335
2021-07-15,2663.25,2153993
2021-07-16,2649.54,1231799
2021-07-19,2672.06,2409716
2021-07-20,2670.39,1540414
2021-07-21,2696.05,1908335
2021-07-22,2688.91,1986123
2021-07-23,2694.06,1926966
2021-07-26,2731.57,1823054
2021-07-27,2715.96,1616052
2021-07-28,2687.59,1900989
2021-07-29,2707.98,2338816
2021-07-30,2696.02,1462615
2021-08-02,2696.41,1668491
2021-08-03,2688.17,1106128
2021-08-04,2696.06,1403602
2021-08-05,2670.96,2112481
2021-08-06,2666.72,1888637
2021-08-09,2679.45,1158948
2021-08-10,2652.96,1728437
2021-08-11,2634.9,2180334
2021-08-12,2626.29,1010833
2021-08-13,2589.32,905312
2021-08-16,2578.91,1467633
2021-08-17,2582.58,1916130
2021-08-18,2572.79,1332653
2021-08-19,2566.34,2195756
2021-08-20,2566.41,2239617
2021-08-23,2550.08,1705282
2021-08-24,2568.49,1444032
2021-08-25,2606.52,870917
2021-08-26,2594.94,2196643
2021-08-27,2608.26,2321980
2021-08-30,2596.73,1552062
2021-08-31,2634.4,1677996
2021-09-01,2807.26,2080950
2021-09-02,2834.66,1982130
2021-09-03,2741.5,1029979
2021-09-06,2765.4,1942931
2021-09-07,2830.87,2371905
2021-09-08,2819.32,2076165
2021-09-09,2848.4,1616951
2021-09-10,2829.3,1689374
2021-09-13,2751.24,1241657
2021-09-14,2758.87,1923290
2021-09-15,2565.98,1210532
2021-09-16,2560.36,1381160
2021-09-17,2594.38,1250631
2021-09-20,2545.49,1370044
2021-09-21,2513.45,1423431
2021-09-22,2499.44,941061
2021-09-23,2499.2,2019783
2021-09-24,2494.67,1549689
2021-09-27,2515.2,2414325
2021-09-28,2529.5,1107505
2021-09-29,2537.28,1937363
2021-09-30,2540.04,1104619
2021-10-01,2546.38,1730182
2021-10-04,2534.63,1634496
2021-10-05,2576.28,1562616
2021-10-06,2522.95,1913012
2021-10-07,2563.35,2207930
2021-10-08,2621.72,1338427
2021-10-11,2632.45,2244417
2021-10-12,2612.06,1114247
2021-10-13,2632.16,1298164
2021-10-14,2557.91,1328139
2021-10-15,2566.29,2420814
2021-10-18,2563.94,1001574
2021-10-19,2563.22,1471696
2021-10-20,2582.12,1521543
2021-10-21,2580.76,2160132
2021-10-22,2551.85,1626029
2021-10-25,2545.29,2443593
2021-10-26,2548.8,2058543
2021-10-27,2554.59,1996218
2021-10-28,2557.61,2079962
2021-10-29,2608.6,1074636
2021-11-01,2555.86,1563386
2021-11-02,2560.97,1796432
2021-11-03,2595.08,1154408
2021-11-04,2550.68,1001921
2021-11-05,2555.88,1030803
2021-11-08,2541.42,2141541
2021-11-09,2532.52,1916697
2021-11-10,2489.83,1278235
2021-11-11,2482.11,2053251
2021-11-12,2570.26,1981865
2021-11-15,2509.82,2188052
2021-11-16,2455.19,2347152
2021-11-17,2395.76,2299797
2021-11-18,2475.5,1107716
2021-11-19,2427.72,2107738
2021-11-22,2426.78,1467858
2021-11-23,2408.62,1485307
2021-11-24,2366.25,1900101
2021-11-25,2355.99,1823719
2021-11-26,2389.68,1513419
2021-11-29,2409.25,2499124
2021-11-30,2398.25,1097192
2021-12-01,2407.7,964753
2021-12-02,2370.4,849421
2021-12-03,2292.37,2184206
2021-12-06,2337.2,1491216
2021-12-07,2389.24,1543482
2021-12-08,2492.4,1903655
2021-12-09,2470.61,1540172
2021-12-10,2463.08,1775773
2021-12-13,2498.48,899372
2021-12-14,2517.28,1065610
2021-12-15,2498.88,2384464
2021-12-16,2423.81,1566178
2021-12-17,2433.78,1084557
2021-12-20,2484.16,1428100
2021-12-21,2428.81,1369140
2021-12-22,2458.55,1266144
2021-12-23,2474.25,1299141
2021-12-24,2509.83,2039761
2021-12-27,2532.56,981503
2021-12-28,2515.46,1326408
2021-12-29,2475.36,1595517
2021-12-30,2462.64,1718241
2021-12-31,2485.38,2296859
2022-01-03,2478.4,2369480
2022-01-04,2469.31,1305602
2022-01-05,2444.58,1716769
2022-01-06,2469.64,838003
2022-01-07,2481.88,1848938
2022-01-10,2493.39,1059933
2022-01-11,2507.76,924518
2022-01-12,2516.63,1941925
2022-01-13,2513.81,1102828
2022-01-14,2512.13,1611538
2022-01-17,2506.71,971617
2022-01-18,2545.1,2067640
2022-01-19,2553.8,2100182
2022-01-20,2547.76,1777173
2022-01-21,2555.16,2221065
2022-01-24,2541.23,1542564
2022-01-25,2580.64,1116973
2022-01-26,2564.08,1057267
2022-01-27,2577.65,1172761
2022-01-28,2606.09,1140522
2022-01-31,2616.81,1349452
2022-02-01,2621.74,1164375
2022-02-02,2622.54,1804831
2022-02-03,2620.0,1052214
2022-02-04,2612.13,1857053
2022-02-07,2606.17,1367970
2022-02-08,2628.81,1967481
2022-02-09,2627.88,1671969
2022-02-10,2616.88,2338827
2022-02-11,2603.89,1547790
2022-02-14,2633.53,1301568
2022-02-15,2652.13,1801502
2022-02-16,2667.75,1919890
2022-02-17,2661.44,1546707
2022-02-18,2677.47,1751528
2022-02-21,2660.77,1600471
2022-02-22,2654.41,1319923
2022-02-23,2681.1,1333060
2022-02-24,2726.03,2342605
2022-02-25,2676.18,1948068
2022-02-28,2582.61,962321
2022-03-01,2592.67,2435535
2022-03-02,2780.99,2010401
2022-03-03,2569.76,885280
2022-03-04,2583.57,2037385
2022-03-07,2517.5,1802360
2022-03-08,2487.75,2356055
2022-03-09,2470.92,1631931
2022-03-10,2451.6,1681587
2022-03-11,2427.24,1335010
2022-03-14,2427.81,1346757
2022-03-15,2403.61,1850466
2022-03-16,2338.32,2207159
2022-03-17,2373.28,2314138
2022-03-18,2407.52,2110377
2022-03-21,2446.44,1836611
2022-03-22,2425.79,1650536
2022-03-23,2430.54,1377330
2022-03-24,2440.51,2105357
2022-03-25,2426.92,1340846
2022-03-28,2427.68,1255388
2022-03-29,2426.72,2275371
2022-03-30,2452.84,1802160
2022-03-31,2480.4,1402174
2022-04-01,2403.83,2270811
2022-04-04,2520.09,2436560
2022-04-05,2477.12,1340573
2022-04-06,2523.71,1686408
2022-04-07,2570.68,1622034
2022-04-08,2466.6,1992803
2022-04-11,2515.51,2416776
2022-04-12,2514.64,1732499
2022-04-13,2523.21,2156960
2022-04-14,2527.18,1812525
2022-04-15,2545.04,2307966
2022-04-18,2546.8,1487799
2022-04-19,2545.04,1454920
2022-04-20,2561.57,1518113
2022-04-21,2570.69,2494058
2022-04-22,2582.05,1839450
2022-04-25,2573.02,1059361
2022-04-26,2558.48,869519
2022-04-27,2550.93,1681909
2022-04-28,2542.63,2169684
2022-04-29,2554.66,1614764
2022-05-02,2602.47,1752356
2022-05-03,2584.54,2157334
2022-05-04,2655.65,1677785
2022-05-05,2693.15,2344650
2022-05-06,2700.37,1884488
2022-05-09,2659.02,2042936
2022-05-10,2739.65,2128489
2022-05-11,2736.76,1865587
2022-05-12,2743.56,885112
2022-05-13,2734.81,1526629
2022-05-16,2711.01,1040526
2022-05-17,2671.78,1667554
2022-05-18,2689.49,1043382
2022-05-19,2668.94,1665810
2022-05-20,2753.15,1384526
2022-05-23,2723.8,834626
2022-05-24,2690.11,1012286
2022-05-25,2704.59,1655177
2022-05-26,2747.22,933990
2022-05-27,2749.63,2255150
2022-05-30,2766.17,2089782
2022-05-31,2715.86,2005765
2022-06-01,2697.99,1092600
2022-06-02,2669.56,2152704
2022-06-03,2619.65,1878977
2022-06-06,2623.33,1463824
2022-06-07,2565.28,800705
2022-06-08,2531.89,1699254
2022-06-09,2524.85,2153041
2022-06-10,2513.64,856922
2022-06-13,2519.96,889471
2022-06-14,2524.99,1451096
2022-06-15,2538.48,1669675
2022-06-16,2550.0,1606507
2022-06-17,2567.21,1524545
2022-06-20,2567.86,1233855
2022-06-21,2572.95,901769
2022-06-22,2581.1,853109
2022-06-23,2583.85,967977
2022-06-24,2578.71,1973693
2022-06-27,2574.53,2136162
2022-06-28,2563.3,1539649
2022-06-29,2570.1,931611
2022-06-30,2569.41,1506652
2022-07-01,2560.43,2475592
2022-07-04,2551.51,1224977
2022-07-05,2534.72,1634895
2022-07-06,2549.49,1714311
2022-07-07,2551.3,1360892
2022-07-08,2539.51,1544645
2022-07-11,2551.85,1601957
2022-07-12,2544.42,1605773
2022-07-13,2524.87,2020058
2022-07-14,2540.2,1787481
2022-07-15,2533.14,890780
2022-07-18,2527.93,810751
2022-07-19,2529.18,1498182
2022-07-20,2546.29,2343083
2022-07-21,2547.5,862720
2022-07-22,2517.47,920848
2022-07-25,2531.88,1954742
2022-07-26,2520.11,1566572
2022-07-27,2569.11,1192074
2022-07-28,2569.66,1152533
2022-07-29,2463.63,1930511
2022-08-01,2480.57,1690430
2022-08-02,2573.68,1884989
2022-08-03,2651.74,1276391
2022-08-04,2745.38,1694831
2022-08-05,2693.24,2262011
2022-08-08,2740.34,1338195
2022-08-09,2703.48,1473811
2022-08-10,2715.23,1078362
2022-08-11,2650.95,1885884
2022-08-12,2619.12,855268
2022-08-15,2609.78,1223095
2022-08-16,2623.8,2012201
2022-08-17,2636.43,832990
2022-08-18,2641.26,2481450
2022-08-19,2621.8,1487062
2022-08-22,2617.86,1477793
2022-08-23,2607.49,1712027
2022-08-24,2621.06,1886610
2022-08-25,2639.32,1581230
2022-08-26,2655.87,2303224
2022-08-29,2645.21,2435424
2022-08-30,2605.13,1140595
2022-08-31,2579.84,2001626
2022-09-01,2601.39,1311552
2022-09-02,2596.16,2492638
2022-09-05,2585.81,1230637
2022-09-06,2610.69,1301602
2022-09-07,2630.17,2014205
2022-09-08,2631.22,2141390
2022-09-09,2627.54,1018592
2022-09-12,2626.26,1744449
2022-09-13,2630.33,1387644
2022-09-14,2655.0,1839992
2022-09-15,2662.06,1746441
2022-09-16,2682.22,2475950
2022-09-19,2714.63,2387234
2022-09-20,2683.43,1911778
2022-09-21,2704.53,1955006
2022-09-22,2697.13,2327988
2022-09-23,2630.19,1111933
2022-09-26,2574.95,2033775
2022-09-27,2549.24,2112530
2022-09-28,2563.51,1016556
2022-09-29,2567.04,2298227
2022-09-30,2572.4,1989020
2022-10-03,2624.07,1390126
2022-10-04,2591.31,1623336
2022-10-05,2591.18,1632317
2022-10-06,2599.74,2361956
2022-10-07,2581.1,2447715
2022-10-10,2582.42,2171618
2022-10-11,2541.69,1908755
2022-10-12,2578.65,977028
2022-10-13,2561.58,2355200
2022-10-14,2615.16,1027656
2022-10-17,2613.81,1083573
2022-10-18,2641.64,918338
2022-10-19,2640.82,2411172
2022-10-20,2640.6,1638516
2022-10-21,2625.7,1201145
2022-10-24,2629.45,937311
2022-10-25,2638.49,1500386
2022-10-26,2618.31,2030253
2022-10-27,2615.61,2490753
2022-10-28,2600.16,1739009
2022-10-31,2855.3,1832125
2022-11-01,2854.59,2221004
2022-11-02,2880.46,2333112
2022-11-03,2878.02,1275652
2022-11-04,2886.21,2486220
2022-11-07,2848.67,1682539
2022-11-08,2836.51,2381238
2022-11-09,2843.18,999715
2022-11-10,2929.98,965627
2022-11-11,2942.59,2303837
2022-11-14,3020.85,1943367
2022-11-15,3099.41,1097508
2022-11-16,3196.53,2321366
2022-11-17,3193.29,974015
2022-11-18,3341.17,1959907
2022-11-21,3325.62,1148586
2022-11-22,3300.77,920017
2022-11-23,3261.5,2170593
2022-11-24,3339.79,2240578
2022-11-25,3368.26,979884
2022-11-28,3357.7,958324
2022-11-29,3401.0,1844526
2022-11-30,3425.44,848806
2022-12-01,3494.79,2068508
2022-12-02,3441.47,2356620
2022-12-05,3424.6,2076837
2022-12-06,3358.47,1192168
2022-12-07,3235.83,1123103
2022-12-08,3301.65,1957021
2022-12-09,3285.15,904760
2022-12-12,3331.72,1714089
2022-12-13,3484.01,1562970
2022-12-14,3461.17,2065810
2022-12-15,3434.07,1144225
2022-12-16,3442.12,2095954
2022-12-19,3507.29,1988760
2022-12-20,3470.28,1205813
2022-12-21,3449.06,1406377
2022-12-22,3486.8,912225
2022-12-23,3500.92,1563901
2022-12-26,3430.29,1243020
2022-12-27,3388.95,992924
2022-12-28,3441.4,1751851
2022-12-29,3456.16,1764835
2022-12-30,3430.49,946105
2023-01-02,3425.38,1115391
2023-01-03,3426.57,940420
2023-01-04,3474.9,1954275
2023-01-05,3387.17,1374653
2023-01-06,3359.34,920986
2023-01-09,3377.05,1125614
2023-01-10,3371.02,2459020
2023-01-11,3448.95,1234781
2023-01-12,3277.78,1963695
2023-01-13,3285.28,1596343
2023-01-16,3306.54,1108940
2023-01-17,3316.55,1322555
2023-01-18,3320.04,823960
2023-01-19,3319.1,2069879
2023-01-20,3304.29,1368586
2023-01-23,3303.81,1648713
2023-01-24,3328.36,1059782
2023-01-25,3326.98,2201160
2023-01-26,3311.11,1171299
2023-01-27,3302.75,1762682
2023-01-30,3307.37,2283675
2023-01-31,3301.24,2012434
2023-02-01,3311.2,1825447
2023-02-02,3321.9,2309666
2023-02-03,3339.56,1099978
2023-02-06,3367.5,2438039
2023-02-07,3387.46,1746320
2023-02-08,3370.45,1496756
2023-02-09,3354.1,1234827
2023-02-10,3352.3,2066373
2023-02-13,3324.17,2459541
2023-02-14,3253.75,1973191
2023-02-15,3227.02,855687
2023-02-16,3198.53,1597448
2023-02-17,3158.49,2044941
2023-02-20,3140.01,1475641
2023-02-21,3178.24,2114094
2023-02-22,3185.36,2002393
2023-02-23,3266.45,914176
2023-02-24,3272.81,1748544
2023-02-27,3255.25,1092177
2023-02-28,3255.82,1627081
2023-03-01,3271.97,1453321
2023-03-02,3299.32,2171729
2023-03-03,3431.72,2275863
2023-03-06,3403.38,1584497
2023-03-07,3433.75,1712899
2023-03-08,3441.73,1864353
2023-03-09,3388.43,1914021
2023-03-10,3415.63,1880126
2023-03-13,3460.33,2131121
2023-03-14,3444.46,2469363
2023-03-15,3445.19,2207808
2023-03-16,3412.54,1029012
2023-03-17,3389.16,1609683
2023-03-20,3410.25,1584196
2023-03-21,3402.14,1664948
2023-03-22,3381.7,1698386
2023-03-23,3386.99,2020609
2023-03-24,3377.86,1515726
2023-03-27,3369.73,1247682
2023-03-28,3384.77,1577902
2023-03-29,3363.43,2252632
2023-03-30,3347.09,1329434
2023-03-31,3350.89,835337
2023-04-03,3370.24,2459691
2023-04-04,3394.87,1132811
2023-04-05,3372.96,1824835
2023-04-06,3405.75,2160339
2023-04-07,3379.7,1266591
2023-04-10,3498.73,1378438
2023-04-11,3459.76,1276839
2023-04-12,3507.19,1054715
2023-04-13,3484.85,1060009
2023-04-14,3557.1,1117483
2023-04-17,3579.17,1578684
2023-04-18,3543.51,1702285
2023-04-19,3533.96,827178
2023-04-20,3550.57,2238508
2023-04-21,3622.27,1949049
2023-04-24,3609.78,920106
2023-04-25,3611.64,2232619
2023-04-26,3628.15,851817
2023-04-27,3631.81,1752896
2023-04-28,3606.22,1590785
2023-05-01,3590.57,1653637
2023-05-02,3599.91,2425518
2023-05-03,3645.11,2376006
2023-05-04,3705.81,1274316
2023-05-05,3735.88,1785427
2023-05-08,3747.57,2430589
2023-05-09,3776.82,2039056
2023-05-10,3752.37,2309057
2023-05-11,3747.43,1539198
2023-05-12,3717.28,1281329
2023-05-15,3671.62,1668117
2023-05-16,3684.82,2188811
2023-05-17,3692.55,2378983
2023-05-18,3741.22,1965974
2023-05-19,3780.41,2001093
2023-05-22,3798.16,1670098
2023-05-23,3838.71,1343328
2023-05-24,3829.86,1518957
2023-05-25,3839.84,1646102
2023-05-26,3825.06,2186354
2023-05-29,3834.09,1744094
2023-05-30,3849.65,2148235
2023-05-31,3824.63,846514
2023-06-01,3827.49,2086791
2023-06-02,3783.03,1662014
2023-06-05,3763.86,2497035
2023-06-06,3722.27,1601926
2023-06-07,3770.92,1613471
2023-06-08,3812.5,1016702
2023-06-09,3834.08,2171769
2023-06-12,3980.07,1992594
2023-06-13,3966.26,2266213
2023-06-14,4200.56,957673
2023-06-15,4182.95,1159724
2023-06-16,4203.59,2290859
2023-06-19,4172.52,871512
2023-06-20,4202.4,1663947
2023-06-21,4238.91,1488072
2023-06-22,4235.0,2397022
2023-06-23,4312.5,2256452
2023-06-26,4323.89,2324412
2023-06-27,4346.48,1291475
2023-06-28,4272.88,1798763
2023-06-29,4284.15,1990017
2023-06-30,4282.02,2444696
2023-07-03,4268.39,812491
2023-07-04,4236.08,2460945
2023-07-05,4352.69,1404119
2023-07-06,4342.13,1018066
2023-07-07,4224.62,1846378
2023-07-10,4103.25,2128623
2023-07-11,4102.05,1020587
2023-07-12,4115.86,869315
2023-07-13,4129.91,2324231
2023-07-14,4146.87,2387303
2023-07-17,4132.81,1065665
2023-07-18,4141.88,2336904
2023-07-19,4122.44,2346649
2023-07-20,4109.06,2495623
2023-07-21,4088.81,1167861
2023-07-24,4062.41,1783934
2023-07-25,4088.07,2490273
2023-07-26,4105.13,2334493
2023-07-27,4129.01,1828072
2023-07-28,4131.58,1135102
2023-07-31,4165.0,943386
2023-08-01,4092.64,1240585
2023-08-02,4129.34,910971
2023-08-03,4137.66,1131948
2023-08-04,4187.4,927366
2023-08-07,4218.0,2095792
2023-08-08,4140.46,1802817
2023-08-09,4025.28,1680407
2023-08-10,3971.88,2176284
2023-08-11,4014.9,1498385
2023-08-14,4068.01,1485036
2023-08-15,3964.59,1151773
2023-08-16,3892.14,1556220
2023-08-17,3839.69,1096678
2023-08-18,3814.23,1801789
2023-08-21,3717.67,2495680
2023-08-22,3505.41,1706169
2023-08-23,3477.29,1308362
2023-08-24,3481.1,1969704
2023-08-25,3440.71,2194011
2023-08-28,3437.47,1602035
2023-08-29,3475.13,1225554
2023-08-30,3430.61,2013563
2023-08-31,3399.83,1118357
2023-09-01,3466.66,2495428
2023-09-04,3439.7,1340281
2023-09-05,3402.95,1395506
2023-09-06,3443.87,2035786
2023-09-07,3434.04,820766
2023-09-08,3473.27,1144874
2023-09-11,3489.11,1013562
2023-09-12,3477.87,1464803
2023-09-13,3509.89,1740974
2023-09-14,3531.56,1105337
2023-09-15,3680.24,1385238
2023-09-18,3642.67,2112737
2023-09-19,3645.01,2397970
2023-09-20,3643.57,824274
2023-09-21,3670.36,1866658
2023-09-22,3633.45,843661
2023-09-25,3671.72,1684603
2023-09-26,3689.86,2295100
2023-09-27,3642.03,2156667
2023-09-28,3687.49,1195626
2023-09-29,3772.32,1239602
2023-10-02,3811.47,2131973
2023-10-03,3867.56,2193555
2023-10-04,3874.19,1277540
2023-10-05,3754.81,805203
2023-10-06,3626.56,1555575
2023-10-09,3644.45,1853451
2023-10-10,3604.26,1554380
2023-10-11,3542.85,2389087
2023-10-12,3539.01,2183121
2023-10-13,3580.77,2139361
2023-10-16,3484.15,834490
2023-10-17,3469.21,2251178
2023-10-18,3523.21,2083914
2023-10-19,3486.02,1474822
2023-10-20,3517.51,1802233
2023-10-23,3501.16,2201206
2023-10-24,3521.28,2340577
2023-10-25,3561.25,1736413
2023-10-26,3611.84,870286
2023-10-27,3674.8,1851518
2023-10-30,3596.05,1956031
2023-10-31,3672.9,900156
2023-11-01,3614.54,2189427
2023-11-02,3651.11,1142637
2023-11-03,3687.86,2313787
2023-11-06,3759.74,1736639
2023-11-07,3773.38,1347616
2023-11-08,3742.28,899961
2023-11-09,3692.55,830371
2023-11-10,3726.0,2060459
2023-11-13,3733.83,1441173
2023-11-14,3778.2,2228096
2023-11-15,3777.35,1191889
2023-11-16,3725.08,2364616
2023-11-17,3762.38,2400681
2023-11-20,3749.21,973006
2023-11-21,3763.01,1899789
2023-11-22,3739.39,2397524
2023-11-23,3802.74,1349257
2023-11-24,3770.15,914954
2023-11-27,3758.2,2288318
2023-11-28,3763.12,1605895
2023-11-29,3722.77,846024
2023-11-30,3736.04,2228426
2023-12-01,3798.1,1954062
2023-12-04,3780.23,919528
2023-12-05,3796.17,1239745
2023-12-06,3693.26,830992
2023-12-07,3692.65,2423282
2023-12-08,3681.85,842411
2023-12-11,3652.43,2152951
2023-12-12,3693.3,1669159
2023-12-13,3682.01,1790644
2023-12-14,3676.26,2179714
2023-12-15,3663.14,2321440
2023-12-18,3593.87,1016625
2023-12-19,3553.9,830391
2023-12-20,3619.4,1011837
2023-12-21,3478.26,1960263
2023-12-22,3428.6,1766529
2023-12-25,3403.13,942601
2023-12-26,3652.93,1198302
2023-12-27,3767.61,1713306
2023-12-28,3680.57,2041363
2023-12-29,3880.33,1383789
2024-01-01,3762.33,2414380
2024-01-02,3835.15,2486816
2024-01-03,3783.84,2102256
2024-01-04,3807.93,1572249
2024-01-05,3800.17,2291198
2024-01-08,3779.06,2037425
2024-01-09,3775.4,1683296
2024-01-10,3782.33,1554426
2024-01-11,3772.72,2214942
2024-01-12,3785.58,1747022
2024-01-15,3774.08,1110935
2024-01-16,3788.36,2499681
2024-01-17,3798.87,916191
2024-01-18,3798.55,1981521
2024-01-19,3767.37,1915120
2024-01-22,3778.55,1796484
2024-01-23,3862.49,888319
2024-01-24,4016.35,1637413
2024-01-25,4088.7,2317218
2024-01-26,4165.23,1207211
2024-01-29,4416.01,1975642
2024-01-30,4507.77,2259881
2024-01-31,4549.7,2418741
2024-02-01,4611.09,1677436
2024-02-02,4524.45,1333607
2024-02-05,4487.1,1989350
2024-02-06,4444.83,1626469
2024-02-07,4474.95,1866048
2024-02-08,4460.69,2060873
2024-02-09,4472.8,2007483
2024-02-12,4566.12,1212724
2024-02-13,4641.67,2084854
2024-02-14,4627.97,1721142
2024-02-15,4570.19,2382303
2024-02-16,4669.77,1921094
2024-02-19,4739.04,2316072
2024-02-20,4434.89,2463974
2024-02-21,4421.92,2490663
2024-02-22,4430.31,2065995
2024-02-23,4466.24,1815402
2024-02-26,4508.42,1000822
2024-02-27,4522.36,1456410
2024-02-28,4573.11,1608066
2024-02-29,4579.11,2126892
2024-03-01,4521.62,1800910
2024-03-04,4499.79,1546522
2024-03-05,4501.86,1049259
2024-03-06,4499.35,2016867
2024-03-07,4342.28,1534342
2024-03-08,4310.21,861442
2024-03-11,4315.22,1282809
2024-03-12,4292.76,2295080
2024-03-13,4287.88,1002006
2024-03-14,4300.88,1490447
2024-03-15,4214.49,1670471
2024-03-18,4176.86,942361
2024-03-19,4169.72,1081576
2024-03-20,4188.92,2398461
2024-03-21,4230.29,1803913
2024-03-22,4250.21,1157578
2024-03-25,4216.08,1088484
2024-03-26,4211.63,1523749
2024-03-27,4218.86,2030111
2024-03-28,4224.22,2041671
2024-03-29,4238.26,1131910
2024-04-01,4217.39,2033565
2024-04-02,4220.05,2323684
2024-04-03,4231.22,1184774
2024-04-04,4252.19,844555
2024-04-05,4233.92,2430113
2024-04-08,4206.81,1687395
2024-04-09,3997.65,2119974
2024-04-10,3951.36,1344178
2024-04-11,3865.25,1308586
2024-04-12,3826.6,1182630
2024-04-15,3833.87,1168936
2024-04-16,3832.57,1601724
2024-04-17,3747.14,979832
2024-04-18,3756.14,2231433
2024-04-19,3722.0,1669086
2024-04-22,3741.12,2355971
2024-04-23,3693.93,1653722
2024-04-24,3695.89,1315522
2024-04-25,3686.19,1675354
2024-04-26,3698.31,1062214
2024-04-29,3703.8,2200957
2024-04-30,3695.13,2024238
2024-05-01,3639.18,1050159
2024-05-02,3586.21,1789397
2024-05-03,3565.98,1714589
2024-05-06,3565.77,1141727
2024-05-07,3525.37,1007547
2024-05-08,3567.62,2092502
2024-05-09,3549.2,1248871
2024-05-10,3485.41,1682181
2024-05-13,3480.83,1221108
2024-05-14,3486.2,1910771
2024-05-15,3493.54,883280
2024-05-16,3531.87,1410876
2024-05-17,3519.42,1730002
2024-05-20,3518.87,1546465
2024-05-21,3528.31,1841065
2024-05-22,3528.76,1106581
2024-05-23,3519.68,1551067
2024-05-24,3489.82,2086076
2024-05-27,3480.63,1367121
2024-05-28,3460.42,1066919
2024-05-29,3427.61,2241174
2024-05-30,3413.07,2123114
2024-05-31,3393.76,1956699
2024-06-03,3405.9,2156613
2024-06-04,3427.37,2123992
2024-06-05,3397.06,2069221
2024-06-06,3388.93,1666030
2024-06-07,3326.81,833018
2024-06-10,3311.02,1815032
2024-06-11,3325.12,1264326
2024-06-12,3353.64,2114609
2024-06-13,3330.38,1596174
2024-06-14,3366.64,2338969
2024-06-17,3316.36,1812425
2024-06-18,3275.66,1735906
2024-06-19,3299.92,2362677
2024-06-20,3356.73,1607608
2024-06-21,3374.24,1438530
2024-06-24,3373.63,1431577
2024-06-25,3300.56,2287539
2024-06-26,3234.69,2085665
2024-06-27,3239.65,1077829
2024-06-28,3228.71,1637231
2024-07-01,3193.65,1431176
2024-07-02,3196.48,1899390
2024-07-03,3200.92,888879
2024-07-04,3232.27,2014008
2024-07-05,3240.95,2062231
2024-07-08,3317.39,1185189
2024-07-09,3316.62,1056109
2024-07-10,3299.14,1866809
2024-07-11,3366.51,1236934
2024-07-12,3305.16,2400683
2024-07-15,3486.06,2117896
2024-07-16,3538.05,2423522
2024-07-17,3546.63,1709018
2024-07-18,3558.13,2395418
2024-07-19,3597.14,823753
2024-07-22,3614.29,1292889
2024-07-23,3582.48,803799
2024-07-24,3612.05,1951848
2024-07-25,3600.48,1668123
2024-07-26,3605.19,1289039
2024-07-29,3559.81,1318424
2024-07-30,3579.55,1894385
2024-07-31,3556.93,1106529
2024-08-01,3561.34,1674748
2024-08-02,3551.96,1843109
2024-08-05,3622.37,1207963
2024-08-06,3664.27,1188342
2024-08-07,3666.19,1402188
2024-08-08,3668.48,1806752
2024-08-09,3661.68,1232470
2024-08-12,3685.68,1444752
2024-08-13,3679.78,1723855
2024-08-14,3671.96,1117468
2024-08-15,3693.35,1767178
2024-08-16,3683.06,1034778
2024-08-19,3683.24,1042314
2024-08-20,3625.82,1202663
2024-08-21,3652.48,1287068
2024-08-22,3725.48,850714
2024-08-23,3753.51,2434731
2024-08-26,3810.08,1323815
2024-08-27,3778.59,2167851
2024-08-28,3788.46,2333322
2024-08-29,3753.47,2161090
2024-08-30,3745.71,2213315
2024-09-02,3775.84,970128
2024-09-03,3780.57,1432406
2024-09-04,3727.97,2068515
2024-09-05,3701.25,1778917
2024-09-06,3650.91,809620
2024-09-09,3669.87,1764512
2024-09-10,3747.86,2167671
2024-09-11,3800.55,2208853
2024-09-12,3729.46,1452609
2024-09-13,3784.12,1201693
2024-09-16,3820.87,1326243
2024-09-17,3762.67,1303858
2024-09-18,3752.04,1389180
2024-09-19,3794.56,1313035
2024-09-20,3816.54,1577233
2024-09-23,3767.37,869478
2024-09-24,3791.49,1267839
2024-09-25,3711.52,1334969
2024-09-26,3696.29,1060679
2024-09-27,3870.43,2292453
2024-09-30,3871.17,1948324
2024-10-01,3835.22,2350379
